NAME,URL
Mohamade Sba,https://www.facebook.com/mohamade.sba.77
Андрей Водянов,https://www.facebook.com/profile.php?id=100017172458807
Karim Chihab,https://www.facebook.com/halim.hakim.3956
Fãrēs Bøūslãh,https://www.facebook.com/profile.php?id=100055554847784
Yasser Yasser,https://www.facebook.com/profile.php?id=100055263716479
Djillali Sba,https://www.facebook.com/djillali.sba.94
Ghalem Mohamed,https://www.facebook.com/ghalem.mohamed.58152
Mohamde Sœlø Sølø,https://www.facebook.com/mohamde.rahim.1
Mohamed Belakhdar,https://www.facebook.com/mohamed.belakhdar.127
Vøn Däm,https://www.facebook.com/profile.php?id=100050064935823
ĀCh Räf,https://www.facebook.com/profile.php?id=100048904011864
منقور عبد الحسيب,https://www.facebook.com/profile.php?id=100048744523242
ياسمين علي,https://www.facebook.com/profile.php?id=100047586613205
Александр Джерелий,https://www.facebook.com/profile.php?id=100047506237797
Rayan Kataloni,https://www.facebook.com/rayan.kataloni.7798
Lh Oor,https://www.facebook.com/ghalam.barouli
HD Nori,https://www.facebook.com/hd.nori
Mohamed HB,https://www.facebook.com/profile.php?id=100043882962514
Àbðøo TĿđĵi,https://www.facebook.com/profile.php?id=100043810877039
Møh Méd,https://www.facebook.com/profile.php?id=100043390908716
Salem Moustapha,https://www.facebook.com/profile.php?id=100043074591742
Mohamed Bourahla,https://www.facebook.com/mohamed.bourahla.18400
Mohamed Talal,https://www.facebook.com/mohamed.talal.7906932
Yacine Amamri,https://www.facebook.com/sami.adjou.923
فروخي عبد القادر,https://www.facebook.com/profile.php?id=100040807063333
Mahbool Enbarsoon,https://www.facebook.com/mahbool.enbarsoon
Âoüñi Fote Graf,https://www.facebook.com/awni.hanon
DJussef Youcef,https://www.facebook.com/gti.youcef.5
Sardi Hocine,https://www.facebook.com/sardi.hocine
Hossem Tadj,https://www.facebook.com/hossem.tadj
Homeda Dendida,https://www.facebook.com/homeda.dendida
Souhaib Zaidi,https://www.facebook.com/profile.php?id=100032262126468
Äbdõ Krãčhäį,https://www.facebook.com/abdo.krachai
Rãhìm Sbā,https://www.facebook.com/mochkis.mochkis
Äb Døü,https://www.facebook.com/profile.php?id=100028343228860
Chaffei Abidy,https://www.facebook.com/chaffei.33
عبدالرحيم غراف,https://www.facebook.com/profile.php?id=100025501394478
Mohamed Serire,https://www.facebook.com/mohamed.serire.129
Farid Micanician,https://www.facebook.com/farid.micanician
Hako Hako,https://www.facebook.com/profile.php?id=100022451152688
Hœssïn Z DM,https://www.facebook.com/houssin.zdm
Hamza Oujdi,https://www.facebook.com/hamza.oujdi.372
Oussama Guerrab,https://www.facebook.com/profile.php?id=100015810214716
ILÿês Sba,https://www.facebook.com/profile.php?id=100012781568196
خال زوبير,https://www.facebook.com/profile.php?id=100012372696758
امحمد ايمن عفيف مستغانم,https://www.facebook.com/afifafif.mosta
Sofiane Youcef,https://www.facebook.com/sofian.youssef.39
Näs Rø,https://www.facebook.com/nasreddin.mdjehed
ŁakhĐar Boušbîã,https://www.facebook.com/lakhdar.3abasii
Yøù Nés,https://www.facebook.com/younase.younase.58
Mahamadou Abouboukar,https://www.facebook.com/mahamadou.abouboukar
Mamadou Barry,https://www.facebook.com/profile.php?id=100064927309995
Adem Madrid,https://www.facebook.com/profile.php?id=100064548631538
Môñíf Monsif,https://www.facebook.com/monif.monsif.1
منهج السلف الصالح,https://www.facebook.com/profile.php?id=100064068858098
Alwata Ould,https://www.facebook.com/alwata.ould.3
ثابت يحي,https://www.facebook.com/profile.php?id=100063719465299
Omar Rachid,https://www.facebook.com/omar.rachid.733076
Noy Noy,https://www.facebook.com/profile.php?id=100063520980107
الفتى المتمرد,https://www.facebook.com/profile.php?id=100063516785146
Amadoum Lamine Sawadogo,https://www.facebook.com/amadoumlamine.sawadogo
Marwn Eligent,https://www.facebook.com/marwn.eligent
Karin Oran,https://www.facebook.com/karin.oran.5
Md Arif,https://www.facebook.com/profile.php?id=100057307050747
فخوار فخوار,https://www.facebook.com/profile.php?id=100057064268734
Zitouni Abdou Koupikou,https://www.facebook.com/abdoukoupikou.zitouni
Otman Chakroun,https://www.facebook.com/otman.chakroun.31
Larkat Belkacem Belkacem,https://www.facebook.com/larkatbelkacem.belkacem
Dahou Tandji,https://www.facebook.com/dahou.tandji.5
Mondhir Mondhir,https://www.facebook.com/mondhir.momdhir
Mechta Madrid,https://www.facebook.com/profile.php?id=100049485561741
Sofiane La Classe,https://www.facebook.com/sofiane.laclasse.1865
Ousmane Diane,https://www.facebook.com/ousmane.diane.7334
Yehya Madrid,https://www.facebook.com/yahya.kiko.52
Lâ Chîkâ Løkä,https://www.facebook.com/profile.php?id=100027674300105
لحسن لحسن,https://www.facebook.com/profile.php?id=100027243732922
Bnkamil Abdllah,https://www.facebook.com/bnkamil.abdllah
Rä Mï,https://www.facebook.com/profile.php?id=100019949666233
Sidali Sidali,https://www.facebook.com/sidali.sidali.96780671
عايش صولو,https://www.facebook.com/batatahambarekatalle.batata
Tante Rosi,https://www.facebook.com/profile.php?id=100012375888470
